order_id,customer_id,order_status,order_purchase_timestamp,order_delivered_customer_date,order_estimated_delivery_date
EXEMPLO1,CLIENTE1,delivered,2026-01-01 08:00:00,2026-01-05 08:00:00,2026-01-07 00:00:00
EXEMPLO2,CLIENTE2,delivered,2026-01-02 08:00:00,2026-01-06 08:00:00,2026-01-08 00:00:00
EXEMPLO3,CLIENTE3,delivered,2026-01-03 08:00:00,2026-01-10 08:00:00,2026-01-09 00:00:00
EXEMPLO4,CLIENTE4,delivered,2026-01-04 08:00:00,2026-01-08 08:00:00,2026-01-10 00:00:00
EXEMPLO5,CLIENTE5,delivered,2026-01-05 08:00:00,2026-01-09 08:00:00,2026-01-11 00:00:00
EXEMPLO6,CLIENTE6,delivered,2026-01-06 08:00:00,2026-01-13 08:00:00,2026-01-12 00:00:00
EXEMPLO7,CLIENTE7,delivered,2026-02-01 08:00:00,2026-02-05 08:00:00,2026-02-07 00:00:00
EXEMPLO8,CLIENTE8,delivered,2026-02-02 08:00:00,2026-02-06 08:00:00,2026-02-08 00:00:00
EXEMPLO9,CLIENTE9,delivered,2026-02-03 08:00:00,2026-02-10 08:00:00,2026-02-09 00:00:00
EXEMPLO10,CLIENTE10,delivered,2026-02-04 08:00:00,2026-02-08 08:00:00,2026-02-10 00:00:00
EXEMPLO11,CLIENTE11,delivered,2026-02-05 08:00:00,2026-02-09 08:00:00,2026-02-11 00:00:00
EXEMPLO12,CLIENTE12,delivered,2026-02-06 08:00:00,2026-02-13 08:00:00,2026-02-12 00:00:00
EXEMPLO13,CLIENTE13,delivered,2026-03-01 08:00:00,2026-03-05 08:00:00,2026-03-07 00:00:00
EXEMPLO14,CLIENTE14,delivered,2026-03-02 08:00:00,2026-03-06 08:00:00,2026-03-08 00:00:00
EXEMPLO15,CLIENTE15,delivered,2026-03-03 08:00:00,2026-03-10 08:00:00,2026-03-09 00:00:00
EXEMPLO16,CLIENTE16,delivered,2026-03-04 08:00:00,2026-03-08 08:00:00,2026-03-10 00:00:00
EXEMPLO17,CLIENTE17,delivered,2026-03-05 08:00:00,2026-03-09 08:00:00,2026-03-11 00:00:00
EXEMPLO18,CLIENTE18,delivered,2026-03-06 08:00:00,2026-03-13 08:00:00,2026-03-12 00:00:00
